{"sessionid": "B475B4E6-A3A6-428D-A5F0-EC9DC5673611", "sessionip": "0.0.0.0", "match_type": "Echo_Combat", "map_name": "mpl_combat_combustion", "teams": [{"team": "BLUE TEAM", "players": [{"rhand": {"pos": [187.73801, -12.143001, 36.643002], "forward": [0.93900007, -0.27000001, -0.21200001], "left": [-0.34400001, -0.73000002, -0.59100002], "up": [0.0050000004, 0.62800002, -0.77800006]}, "playerid": 0, "name": "VaporyBeat", "userid": 1680886221989736, "number": 31, "level": 28, "ping": 0, "packetlossratio": 0.0, "head": {"position": [187.73801, -12.143001, 36.643002], "forward": [0.93900007, -0.27000001, -0.21200001], "left": [-0.34400001, -0.73000002, -0.59100002], "up": [0.0050000004, 0.62800002, -0.77800006]}, "body": {"position": [187.371, -11.425, 36.599003], "forward": [0.89300007, -0.16800001, -0.41700003], "left": [-0.40400001, 0.109, -0.90800005], "up": [0.19800001, 0.98000002, 0.030000001]}, "lhand": {"pos": [187.51401, -12.139001, 36.400002], "forward": [0.90000004, -0.39300001, -0.18900001], "left": [-0.0050000004, 0.42400002, -0.90600002], "up": [0.43600002, 0.81600004, 0.37900001]}, "velocity": [3.6380002, 0.0, -1.8240001]}, {"rhand": {"pos": [189.93001, -10.64, 33.988003], "forward": [0.43800002, 0.032000002, 0.89800006], "left": [0.87900007, -0.223, -0.42100003], "up": [0.18700001, 0.97400004, -0.126]}, "playerid": 1, "name": "DiffluentJets", "userid": 5355331367826091, "number": 87, "level": 50, "ping": 0, "packetlossratio": 0.0, "head": {"position": [189.93001, -10.64, 33.988003], "forward": [0.43800002, 0.032000002, 0.89800006], "left": [0.87900007, -0.223, -0.42100003], "up": [0.18700001, 0.97400004, -0.126]}, "body": {"position": [190.44901, -10.689, 33.543003], "forward": [0.73100001, -0.027000001, 0.68200004], "left": [-0.68200004, 0.003, 0.73100001], "up": [-0.021000002, -1.0, -0.016000001]}, "lhand": {"pos": [189.97002, -10.726001, 34.049], "forward": [0.23900001, -0.94800007, -0.21000001], "left": [0.76800001, 0.052000001, 0.63800001], "up": [-0.59400004, -0.31400001, 0.74100006]}, "velocity": [0.0, 0.0, 0.0]}, {"rhand": {"pos": [190.01001, -16.158001, 36.550003], "forward": [-0.19800001, -0.83500004, 0.51300001], "left": [0.78700006, -0.44700003, -0.42400002], "up": [0.58400005, 0.31900001, 0.74600005]}, "playerid": 2, "name": "xshifter", "userid": 3023322854444541, "number": 0, "level": 50, "ping": 0, "packetlossratio": 0.0, "head": {"position": [190.01001, -16.158001, 36.550003], "forward": [-0.19800001, -0.83500004, 0.51300001], "left": [0.78700006, -0.44700003, -0.42400002], "up": [0.58400005, 0.31900001, 0.74600005]}, "body": {"position": [190.218, -15.329, 36.506001], "forward": [-0.13900001, 0.067000002, 0.98800004], "left": [0.98500007, 0.109, 0.13100001], "up": [-0.099000007, 0.99200004, -0.081]}, "lhand": {"pos": [190.48001, -16.195002, 36.531002], "forward": [0.42900002, -0.625, 0.65300006], "left": [0.45800003, 0.77300006, 0.43900001], "up": [-0.77900004, 0.11100001, 0.61800003]}, "velocity": [-1.0070001, 0.52100003, 2.2580001]}, {"rhand": {"pos": [187.537, -13.3, 42.235001], "forward": [-0.67000002, -0.63000005, -0.39300001], "left": [-0.57200003, 0.101, 0.81400001], "up": [-0.47300002, 0.77000004, -0.42800003]}, "playerid": 3, "name": "N0SES", "userid": 3242419852442640, "number": 0, "level": 50, "ping": 0, "packetlossratio": 0.0, "head": {"position": [187.537, -13.3, 42.235001], "forward": [-0.67000002, -0.63000005, -0.39300001], "left": [-0.57200003, 0.101, 0.81400001], "up": [-0.47300002, 0.77000004, -0.42800003]}, "body": {"position": [187.63802, -12.784, 42.456001], "forward": [-0.97500002, 0.22000001, -0.029000001], "left": [-0.053000003, -0.10600001, 0.99300003], "up": [0.215, 0.97000003, 0.115]}, "lhand": {"pos": [187.44701, -13.308001, 42.52], "forward": [-0.83200002, -0.53900003, -0.13100001], "left": [0.027000001, -0.27500001, 0.96100003], "up": [-0.55400002, 0.79600006, 0.24300002]}, "velocity": [0.12400001, 0.15100001, -0.132]}]}, {"team": "ORANGE TEAM", "players": [{"rhand": {"pos": [187.73801, -12.143001, 36.643002], "forward": [0.93900007, -0.27000001, -0.21200001], "left": [-0.34400001, -0.73000002, -0.59100002], "up": [0.0050000004, 0.62800002, -0.77800006]}, "playerid": 4, "name": "DaveMoi", "userid": 1689069957855652, "number": 0, "level": 50, "ping": 0, "packetlossratio": 0.0, "head": {"position": [187.73801, -12.143001, 36.643002], "forward": [0.93900007, -0.27000001, -0.21200001], "left": [-0.34400001, -0.73000002, -0.59100002], "up": [0.0050000004, 0.62800002, -0.77800006]}, "body": {"position": [187.371, -11.425, 36.599003], "forward": [0.89300007, -0.16800001, -0.41700003], "left": [-0.40400001, 0.109, -0.90800005], "up": [0.19800001, 0.98000002, 0.030000001]}, "lhand": {"pos": [187.51401, -12.139001, 36.400002], "forward": [0.90000004, -0.39300001, -0.18900001], "left": [-0.0050000004, 0.42400002, -0.90600002], "up": [0.43600002, 0.81600004, 0.37900001]}, "velocity": [3.6380002, 0.0, -1.8240001]}, {"rhand": {"pos": [189.93001, -10.64, 33.988003], "forward": [0.43800002, 0.032000002, 0.89800006], "left": [0.87900007, -0.223, -0.42100003], "up": [0.18700001, 0.97400004, -0.126]}, "playerid": 5, "name": "GoddessCrabbyy", "userid": 1916105881824437, "number": 10, "level": 50, "ping": 0, "packetlossratio": 0.0, "head": {"position": [189.93001, -10.64, 33.988003], "forward": [0.43800002, 0.032000002, 0.89800006], "left": [0.87900007, -0.223, -0.42100003], "up": [0.18700001, 0.97400004, -0.126]}, "body": {"position": [190.44901, -10.689, 33.543003], "forward": [0.73100001, -0.027000001, 0.68200004], "left": [-0.68200004, 0.003, 0.73100001], "up": [-0.021000002, -1.0, -0.016000001]}, "lhand": {"pos": [189.97002, -10.726001, 34.049], "forward": [0.23900001, -0.94800007, -0.21000001], "left": [0.76800001, 0.052000001, 0.63800001], "up": [-0.59400004, -0.31400001, 0.74100006]}, "velocity": [0.0, 0.0, 0.0]}, {"rhand": {"pos": [190.01001, -16.158001, 36.550003], "forward": [-0.19800001, -0.83500004, 0.51300001], "left": [0.78700006, -0.44700003, -0.42400002], "up": [0.58400005, 0.31900001, 0.74600005]}, "playerid": 6, "name": "Schmoculus-Dave", "userid": 3031748283548278, "number": 70, "level": 50, "ping": 0, "packetlossratio": 0.0, "head": {"position": [190.01001, -16.158001, 36.550003], "forward": [-0.19800001, -0.83500004, 0.51300001], "left": [0.78700006, -0.44700003, -0.42400002], "up": [0.58400005, 0.31900001, 0.74600005]}, "body": {"position": [190.218, -15.329, 36.506001], "forward": [-0.13900001, 0.067000002, 0.98800004], "left": [0.98500007, 0.109, 0.13100001], "up": [-0.099000007, 0.99200004, -0.081]}, "lhand": {"pos": [190.48001, -16.195002, 36.531002], "forward": [0.42900002, -0.625, 0.65300006], "left": [0.45800003, 0.77300006, 0.43900001], "up": [-0.77900004, 0.11100001, 0.61800003]}, "velocity": [-1.0070001, 0.52100003, 2.2580001]}, {"rhand": {"pos": [187.537, -13.3, 42.235001], "forward": [-0.67000002, -0.63000005, -0.39300001], "left": [-0.57200003, 0.101, 0.81400001], "up": [-0.47300002, 0.77000004, -0.42800003]}, "playerid": 7, "name": "BadAlien123", "userid": 3236802029775768, "number": 12, "level": 50, "ping": 0, "packetlossratio": 0.0, "head": {"position": [187.537, -13.3, 42.235001], "forward": [-0.67000002, -0.63000005, -0.39300001], "left": [-0.57200003, 0.101, 0.81400001], "up": [-0.47300002, 0.77000004, -0.42800003]}, "body": {"position": [187.63802, -12.784, 42.456001], "forward": [-0.97500002, 0.22000001, -0.029000001], "left": [-0.053000003, -0.10600001, 0.99300003], "up": [0.215, 0.97000003, 0.115]}, "lhand": {"pos": [187.44701, -13.308001, 42.52], "forward": [-0.83200002, -0.53900003, -0.13100001], "left": [0.027000001, -0.27500001, 0.96100003], "up": [-0.55400002, 0.79600006, 0.24300002]}, "velocity": [0.12400001, 0.15100001, -0.132]}]}, {"team": "SPECTATOR TEAM"}], "player": {"vr_left": [0, 0, 0], "vr_position": [0, 0, 0], "vr_forward": [0, 0, 0], "vr_up": [0, 0, 0]}, "private_match": false, "tournament_match": false, "pause": {"paused_state": "none",