{"sessionid":"D679C55A-3B10-4AB0-B264-28D7681383AB","sessionip":"107.182.226.155","match_type":"Echo_Combat","teams":[{"players":[{"rhand":{"pos":[-3.4650002,-1.649,2.8100002],"forward":[-0.296,0.32500002,-0.89800006],"left":[-0.79100001,-0.611,0.039000001],"up":[-0.53600001,0.72200006,0.43800002]},"playerid":8,"name":"Bubble_Blue","userid":2975839632513554,"number":69,"body":{"position":[-3.4330001,-1.45,3.2530003],"forward":[-0.21900001,-0.001,-0.97600007],"left":[-0.97600007,-0.001,0.21900001],"up":[-0.0020000001,1.0,-0.001]},"level":9,"ping":91,"head":{"position":[-3.4330001,-1.45,3.2530003],"forward":[-0.20200001,-0.115,-0.97300005],"left":[-0.97700006,0.094000004,0.19100001],"up":[0.07,0.98900002,-0.13100001]},"lhand":{"pos":[-3.4600003,-1.9810001,3.1450002],"forward":[0.52600002,-0.82100004,-0.22400001],"left":[0.18200001,0.36500001,-0.91300005],"up":[0.83100003,0.43900001,0.34100002]},"velocity":[-0.83800006,0.50700003,-1.2880001]},{"rhand":{"pos":[-3.8360002,-1.5470001,2.5],"forward":[-0.163,0.215,-0.96300006],"left":[-0.40500003,-0.90400004,-0.134],"up":[-0.90000004,0.36800003,0.23500001]},"playerid":2,"name":"Hi_Im_a_Goldfish","userid":2009152865805491,"number":46,"body":{"position":[-3.8300002,-1.3690001,3.0920002],"forward":[-0.13900001,0.0,-0.99000007],"left":[-0.99000007,0.0020000001,0.13900001],"up":[0.0020000001,1.0,-0.001]},"level":33,"ping":89,"head":{"position":[-3.8300002,-1.3690001,3.0920002],"forward":[-0.156,-0.22900002,-0.96100003],"left":[-0.98800004,0.015000001,0.15700001],"up":[-0.022000002,0.97300005,-0.22900002]},"lhand":{"pos":[-3.9810002,-2.0810001,3.0230002],"forward":[-0.34200001,-0.51500005,-0.78600001],"left":[-0.83400005,0.551,0.001],"up":[0.43200001,0.65600002,-0.61800003]},"velocity":[0.90900004,0.35800001,-1.4170001]},{"rhand":{"pos":[1.3390001,-0.027000001,2.546],"forward":[-0.90200007,0.22500001,-0.36900002],"left":[-0.43100002,-0.54100001,0.72200006],"up":[-0.037,0.81000006,0.58500004]},"playerid":4,"name":"Masked291","userid":3631056616921232,"number":96,"body":{"position":[1.46,0.095000006,2.845],"forward":[-0.90800005,0.001,-0.42000002],"left":[-0.42000002,0.001,0.90800005],"up":[0.0020000001,1.0,-0.001]},"level":9,"ping":153,"head":{"position":[1.46,0.095000006,2.845],"forward":[-0.84300005,-0.33100003,-0.42500001],"left":[-0.41100001,-0.115,0.90400004],"up":[-0.34800002,0.93700004,-0.040000003]},"lhand":{"pos":[1.4030001,-0.49000001,2.8330002],"forward":[-0.77800006,-0.55200005,-0.29900002],"left":[-0.53800005,0.34300002,0.77000004],"up":[-0.32300001,0.76000005,-0.56400001]},"velocity":[-0.30800003,0.045000002,-0.28]},{"rhand":{"pos":[0.023000002,-1.817,2.4180002],"forward":[-0.82400006,0.43600002,-0.36100003],"left":[-0.53900003,-0.40800002,0.73700005],"up":[0.17400001,0.80200005,0.57100004]},"playerid":5,"name":"BEAR77J","userid":2988496051264171,"number":77,"body":{"position":[0.51600003,-1.7320001,2.779],"forward":[-0.93500006,0.001,-0.354],"left":[-0.354,0.001,0.93500006],"up":[0.0020000001,1.0,-0.001]},"level":12,"ping":132,"head":{"position":[0.51600003,-1.7320001,2.779],"forward":[-0.94500005,-0.030000001,-0.32500002],"left":[-0.32700002,0.07,0.94300002],"up":[-0.0050000004,0.99700004,-0.076000005]},"lhand":{"pos":[0.86000001,-1.9720001,3.4570003],"forward":[0.36700001,0.71600002,0.59400004],"left":[0.42100003,0.44100001,-0.79300004],"up":[-0.82900006,0.54100001,-0.13900001]},"velocity":[-0.18100001,-0.038000003,-0.014]}],"team":"BLUE TEAM"},{"players":[{"rhand":{"pos":[2.7820001,0.19600001,10.139001],"forward":[0.20100001,-0.045000002,-0.97900003],"left":[-0.65500003,0.73700005,-0.16900001],"up":[0.72900003,0.67400002,0.11800001]},"playerid":1,"name":"LilJustt","userid":3755094247919610,"number":1,"body":{"position":[2.5200002,0.63200003,10.293],"forward":[-0.29800001,-0.0020000001,-0.95500004],"left":[-0.95500004,0.001,0.29800001],"up":[0.001,1.0,-0.0020000001]},"level":1,"ping":28,"head":{"position":[2.5200002,0.63200003,10.293],"forward":[-0.36500001,-0.35100001,-0.86200005],"left":[-0.92300004,0.015000001,0.38500002],"up":[-0.12200001,0.93600005,-0.32900003]},"lhand":{"pos":[2.2250001,0.30200002,10.178],"forward":[-0.79600006,0.36100003,-0.48600003],"left":[-0.53200001,-0.80100006,0.27600002],"up":[-0.289,0.47800002,0.82900006]},"velocity":[-0.091000006,-0.0090000005,-0.037]},{"rhand":{"pos":[-141.47401,-8.8610001,202.50101],"forward":[0.93800002,-0.33800003,0.081],"left":[0.032000002,-0.14600001,-0.98900002],"up":[0.34600002,0.93000007,-0.126]},"playerid":7,"name":"savahi","userid":3211827002224912,"number":99,"body":{"position":[-141.929,-8.3210001,202.79901],"forward":[-0.98500007,-0.0020000001,-0.17],"left":[-0.17,0.0,0.98500007],"up":[-0.0020000001,1.0,0.0]},"level":50,"ping":121,"head":{"position":[-141.929,-8.3210001,202.79901],"forward":[-0.89400005,-0.36700001,-0.257],"left":[-0.24700001,-0.074000001,0.96600002],"up":[-0.37300003,0.92700005,-0.025]},"lhand":{"pos":[-142.181,-8.6590004,202.69701],"forward":[0.071000002,-0.55400002,-0.83000004],"left":[0.24300002,0.81600004,-0.52400005],"up":[0.96800005,-0.164,0.193]},"velocity":[-3.0130002,-0.88500005,-0.38700002]},{"rhand":{"pos":[-3.2090001,-1.789,0.13500001],"forward":[-0.24700001,0.023000002,-0.96900004],"left":[-0.163,-0.98600006,0.019000001],"up":[-0.95500004,0.163,0.24800001]},"playerid":3,"name":"jtruxon","userid":2900180060008229,"number":22,"body":{"position":[-3.0710001,-1.3970001,0.74000001],"forward":[-1.0,0.0020000001,-0.028000001],"left":[-0.028000001,0.001,1.0],"up":[0.0020000001,1.0,-0.001]},"level":50,"ping":48,"head":{"position":[-3.0710001,-1.3970001,0.74000001],"forward":[-0.96900004,-0.049000002,-0.24000001],"left":[-0.23700002,-0.062000003,0.96900004],"up":[-0.062000003,0.99700004,0.049000002]},"lhand":{"pos":[-3.2800002,-1.516,0.78100002],"forward":[-0.51600003,0.78100002,-0.35000002],"left":[-0.23100001,0.26700002,0.93600005],"up":[0.82500005,0.56400001,0.043000001]},"velocity":[1.1570001,0.76400006,4.4380002]}],"team":"ORANGE TEAM"},{"players":[{"rhand":{"pos":[1.5760001,5.0170002,-12.067],"forward":[0.0,0.0,1.0],"left":[1.0,0.0,0.0],"up":[0.0,1.0,0.0]},"playerid":0,"name":"NtsFranz","userid":1644301615643409,"number":0,"body":{"position":[1.8260001,5.0170002,-12.447001],"forward":[0.0,0.0,1.0],"left":[1.0,0.0,0.0],"up":[0.0,1.0,0.0]},"level":22,"ping":44,"head":{"position":[1.8260001,5.0170002,-12.447001],"forward":[0.0,0.0,1.0],"left":[1.0,0.0,0.0],"up":[0.0,1.0,0.0]},"lhand":{"pos":[2.0760002,4.7670002,-12.447001],"forward":[0.0,0.0,1.0],"left":[1.0,0.0,0.0],"up":[0.0,1.0,0.0]},"velocity":[0.0,0.0,0.0]},{"rhand":{"pos":[0.0,0.0,0.0],"forward":[0.0,0.0,1.0],"left":[1.0,0.0,0.0],"up":[0.0,1.0,0.0]},"playerid":9,"name":"Jonas_","userid":1293033684142304,"number":0,"body":{"position":[0.0,0.0,0.0],"forward":[0.0,0.0,1.0],"left":[1.0,0.0,0.0],"up":[0.0,1.0,0.0]},"level":50,"ping":121,"head":{"position":[0.0,0.0,0.0],"forward":[0.0,0.0,1.0],"left":[1.0,0.0,0.0],"up":[0.0,1.0,0.0]},"lhand":{"pos":[0.0,0.0,0.0],"forward":[0.0,0.0,1.0],"left":[1.0,0.0,0.0],"up":[0.0,1.0,0.0]},"velocity":[0.0,0.0,0.0]}],"team":"SPECTATORS"}],"map_name":"mpl_combat_dyson","private_match":false,"player":{"vr_left":[-0.10300001,-0.0020000001,-0.99500006],"vr_position":[-141.62801,-7.8610005,202.66901],"vr_forward":[0.99500006,0.0,-0.10300001],"vr_up":[0.0,1.0,-0.0020000001]},"pause":{"paused_state":"none","unpaused_team":"none","paused_requested_team":"none","unpaused_timer":0.0,"paused_timer":0.0},"tournament_match":false,"client_name":"NtsFranz"}